<?xml version="1.0" encoding="UTF-8"?>
<suppressions xmlns="https://jeremylong.github.io/DependencyCheck/dependency-suppression.1.3.xsd">

   <suppress>
      <notes><![CDATA[
      file name: spring-boot-2.2.4.RELEASE.jar
      ]]></notes>
      <sha1>225a4fd31156c254e3bb92adb42ee8c6de812714</sha1>
      <cpe>cpe:/a:vmware:spring_boot</cpe>
   </suppress>

   <suppress>
      <notes><![CDATA[
      file name: spring-boot-starter-data-rest-2.2.4.RELEASE.jar
      ]]></notes>
      <packageUrl regex="true">^pkg:maven/org\.springframework\.boot/spring\-boot\-starter\-data\-rest@.*$</packageUrl>
      <cpe>cpe:/a:vmware:spring_boot</cpe>
   </suppress>

   <suppress>
      <notes><![CDATA[
      file name: spring-boot-starter-data-rest-2.2.4.RELEASE.jar
      ]]></notes>
      <packageUrl regex="true">^pkg:maven/org\.springframework\.boot/spring\-boot\-starter\-data\-rest@.*$</packageUrl>
      <cpe>cpe:/a:vmware:spring_data_rest</cpe>
   </suppress>

   <suppress>
      <notes><![CDATA[
      file name: spring-data-rest-webmvc-3.2.4.RELEASE.jar
      ]]></notes>
      <packageUrl regex="true">^pkg:maven/org\.springframework\.data/spring\-data\-rest\-webmvc@.*$</packageUrl>
      <cpe>cpe:/a:pivotal_software:spring_data_rest</cpe>
   </suppress>

   <suppress>
      <notes><![CDATA[
      file name: spring-data-rest-core-3.2.4.RELEASE.jar
      ]]></notes>
      <packageUrl regex="true">^pkg:maven/org\.springframework\.data/spring\-data\-rest\-core@.*$</packageUrl>
      <cpe>cpe:/a:pivotal_software:spring_data_rest</cpe>
   </suppress>

   <suppress>
      <notes><![CDATA[
      file name: spring-hateoas-1.0.3.RELEASE.jar
      ]]></notes>
      <packageUrl regex="true">^pkg:maven/org\.springframework\.hateoas/spring\-hateoas@.*$</packageUrl>
      <cpe>cpe:/a:vmware:spring_hateoas</cpe>
   </suppress>

   <suppress>
      <notes><![CDATA[
      file name: jackson-databind-2.10.2.jar
      ]]></notes>
      <packageUrl regex="true">^pkg:maven/com\.fasterxml\.jackson\.core/jackson\-databind@.*$</packageUrl>
      <cpe>cpe:/a:fasterxml:jackson-databind</cpe>
   </suppress>

   <suppress>
      <notes><![CDATA[
      file name: logback-core-1.2.3.jar
      ]]></notes>
      <packageUrl regex="true">^pkg:maven/ch\.qos\.logback/logback\-core@.*$</packageUrl>
      <cpe>cpe:/a:qos:logback</cpe>
   </suppress>

   <suppress>
      <notes><![CDATA[
      file name: log4j-api-2.12.1.jar
      ]]></notes>
      <packageUrl regex="true">^pkg:maven/org\.apache\.logging\.log4j/log4j\-api@.*$</packageUrl>
      <cpe>cpe:/a:apache:log4j</cpe>
   </suppress>

   <suppress>
      <notes><![CDATA[
      file name: snakeyaml-1.25.jar
      ]]></notes>
      <packageUrl regex="true">^pkg:maven/org\.yaml/snakeyaml@.*$</packageUrl>
      <cpe>cpe:/a:snakeyaml_project:snakeyaml</cpe>
   </suppress>

   <suppress>
      <notes><![CDATA[
      file name: tomcat-embed-core-9.0.30.jar
      ]]></notes>
      <packageUrl regex="true">^pkg:maven/org\.apache\.tomcat\.embed/tomcat\-embed\-core@.*$</packageUrl>
      <cpe>cpe:/a:apache:tomcat</cpe>
   </suppress>

   <suppress>
      <notes><![CDATA[
      file name: hibernate-validator-6.0.18.Final.jar
      ]]></notes>
      <packageUrl regex="true">^pkg:maven/org\.hibernate\.validator/hibernate\-validator@.*$</packageUrl>
      <cpe>cpe:/a:redhat:hibernate_validator</cpe>
   </suppress>

   <suppress>
      <notes><![CDATA[
      file name: json-smart-2.3.jar
      ]]></notes>
      <packageUrl regex="true">^pkg:maven/net\.minidev/json\-smart@.*$</packageUrl>
      <cpe>cpe:/a:json-smart_project:json-smart</cpe>
   </suppress>

   <suppress>
      <notes><![CDATA[
      file name: json-path-2.4.0.jar
      ]]></notes>
      <packageUrl regex="true">^pkg:maven/com\.jayway\.jsonpath/json\-path@.*$</packageUrl>
      <cpe>cpe:/a:json-path:jayway_jsonpath</cpe>
   </suppress>

   <suppress>
      <notes><![CDATA[
      file name: spring-web-5.2.3.RELEASE.jar
      ]]></notes>
      <packageUrl regex="true">^pkg:maven/org\.springframework/spring\-web@.*$</packageUrl>
      <cpe>cpe:/a:springsource:spring_framework</cpe>
   </suppress>

   <suppress>
      <notes><![CDATA[
      file name: spring-web-5.2.3.RELEASE.jar
      ]]></notes>
      <packageUrl regex="true">^pkg:maven/org\.springframework/spring\-web@.*$</packageUrl>
      <cpe>cpe:/a:pivotal_software:spring_framework</cpe>
   </suppress>
   <suppress>
    <notes><![CDATA[
    file name: hibernate-validator-6.0.18.Final.jar
    ]]></notes>
    <packageUrl regex="true">^pkg:maven/org\.hibernate\.validator/hibernate\-validator@.*$</packageUrl>
    <cve>CVE-2020-10693</cve>
</suppress>
<suppress>
    <packageUrl regex="true">^pkg:maven/org\.springframework\.boot/spring\-boot@.*$</packageUrl>
    <cpe>cpe:/a:vmware:spring_boot</cpe>
</suppress>
<suppress>
    <notes><![CDATA[
    Suppressing false positive: CVE-2021-27568 for accessors-smart-1.2.jar
    ]]></notes>
    <packageUrl regex="true">^pkg:maven/net\.minidev/accessors\-smart@.*$</packageUrl>
    <cve>CVE-2021-27568</cve>
</suppress>
<suppress>
    <notes><![CDATA[
    Suppressing false positives for json-smart-2.3.jar
    ]]></notes>
    <packageUrl regex="true">^pkg:maven/net\.minidev/json\-smart@.*$</packageUrl>
    <cve>CVE-2021-27568</cve>
    <cve>CVE-2021-31684</cve>
    <cve>CVE-2022-45688</cve>
</suppress>



</suppressions>